{
  "hxc_integration": {
    "version": "1.5.0",
    "source": "HxCFloppyEmulator",
    "author": "Jean-François DEL NERO",
    "license": "GPL-2.0+",
    "imported_date": "2025-12-30"
  },
  
  "format_loaders": {
    "flux_formats": [
      {"name": "scp", "description": "SuperCard Pro", "extensions": [".scp"], "read": true, "write": true},
      {"name": "kryofluxstream", "description": "KryoFlux Stream", "extensions": [".raw"], "read": true, "write": false},
      {"name": "hxcstream", "description": "HxC Stream", "extensions": [".hxcstream"], "read": true, "write": true},
      {"name": "streamhfe", "description": "Stream HFE", "extensions": [".hfe"], "read": true, "write": true},
      {"name": "discferret_dfi", "description": "DiscFerret DFI", "extensions": [".dfi"], "read": true, "write": false},
      {"name": "a2r", "description": "Applesauce", "extensions": [".a2r"], "read": true, "write": false},
      {"name": "woz", "description": "WOZ Apple II", "extensions": [".woz"], "read": true, "write": true}
    ],
    "commodore_formats": [
      {"name": "d64", "description": "C64 Single Side", "extensions": [".d64"], "read": true, "write": true},
      {"name": "d81", "description": "C128/C65 3.5\"", "extensions": [".d81"], "read": true, "write": true},
      {"name": "g64", "description": "C64 GCR", "extensions": [".g64"], "read": true, "write": true}
    ],
    "amiga_formats": [
      {"name": "adf", "description": "Amiga Disk File", "extensions": [".adf"], "read": true, "write": true},
      {"name": "adz", "description": "ADF gzipped", "extensions": [".adz"], "read": true, "write": true},
      {"name": "dms", "description": "Disk Masher System", "extensions": [".dms"], "read": true, "write": false},
      {"name": "extadf", "description": "Extended ADF", "extensions": [".adf"], "read": true, "write": true},
      {"name": "amigadosfs", "description": "AmigaDOS Filesystem", "extensions": [".adf"], "read": true, "write": true}
    ],
    "atari_formats": [
      {"name": "st", "description": "Atari ST", "extensions": [".st"], "read": true, "write": true},
      {"name": "msa", "description": "Magic Shadow Archiver", "extensions": [".msa"], "read": true, "write": true},
      {"name": "stx", "description": "Pasti", "extensions": [".stx"], "read": true, "write": false}
    ],
    "apple_formats": [
      {"name": "apple2_do", "description": "Apple II DOS", "extensions": [".do", ".dsk"], "read": true, "write": true},
      {"name": "apple2_nib", "description": "Apple II Nibble", "extensions": [".nib"], "read": true, "write": true},
      {"name": "apple2_2mg", "description": "2IMG", "extensions": [".2mg"], "read": true, "write": true}
    ],
    "pc_formats": [
      {"name": "img", "description": "Raw Sector Image", "extensions": [".img", ".ima"], "read": true, "write": true},
      {"name": "imz", "description": "IMG gzipped", "extensions": [".imz"], "read": true, "write": true},
      {"name": "imd", "description": "ImageDisk", "extensions": [".imd"], "read": true, "write": true},
      {"name": "dmk", "description": "David's Model Kit", "extensions": [".dmk"], "read": true, "write": true},
      {"name": "hfe", "description": "HxC Floppy Emulator", "extensions": [".hfe"], "read": true, "write": true},
      {"name": "mfm", "description": "Raw MFM", "extensions": [".mfm"], "read": true, "write": true},
      {"name": "fat12floppy", "description": "FAT12 Floppy", "extensions": [".img"], "read": true, "write": true}
    ],
    "cpc_formats": [
      {"name": "cpcdsk", "description": "CPC DSK", "extensions": [".dsk"], "read": true, "write": true},
      {"name": "cpcfs", "description": "CPC Filesystem", "extensions": [".dsk"], "read": true, "write": true}
    ],
    "spectrum_formats": [
      {"name": "trd", "description": "TR-DOS", "extensions": [".trd"], "read": true, "write": true},
      {"name": "scl", "description": "SCL", "extensions": [".scl"], "read": true, "write": true}
    ],
    "other_formats": [
      {"name": "teledisk", "description": "Teledisk", "extensions": [".td0"], "read": true, "write": false},
      {"name": "copyqm", "description": "CopyQM", "extensions": [".cqm", ".dsk"], "read": true, "write": false},
      {"name": "ipf", "description": "SPS/IPF", "extensions": [".ipf"], "read": true, "write": false},
      {"name": "pri", "description": "PCE Raw Image", "extensions": [".pri"], "read": true, "write": true},
      {"name": "mfi", "description": "MAME Floppy Image", "extensions": [".mfi"], "read": true, "write": true}
    ]
  },

  "track_encodings": {
    "mfm": {
      "code": "0x00",
      "description": "Modified Frequency Modulation",
      "bitrates": [250000, 300000, 500000, 1000000],
      "systems": ["IBM PC", "Atari ST", "Amiga", "MSX"]
    },
    "fm": {
      "code": "0x02",
      "description": "Frequency Modulation",
      "bitrates": [125000, 150000, 250000],
      "systems": ["IBM PC SD", "TRS-80", "CP/M"]
    },
    "gcr_c64": {
      "code": "0x12",
      "description": "Commodore 64 GCR",
      "bitrates": [250000, 266667, 285714, 307692],
      "systems": ["C64", "C128", "VIC-20"]
    },
    "gcr_apple": {
      "code": "0x06",
      "description": "Apple II GCR",
      "bitrates": [250000],
      "systems": ["Apple II", "Apple IIe", "Apple IIc"]
    },
    "gcr_mac": {
      "code": "0x10",
      "description": "Apple Macintosh GCR",
      "bitrates": [394000, 429000, 473000, 525000, 590000],
      "systems": ["Macintosh 400K", "Macintosh 800K"]
    },
    "amiga_mfm": {
      "code": "0x01",
      "description": "Amiga MFM",
      "bitrates": [250000, 500000],
      "systems": ["Amiga 500", "Amiga 1200", "Amiga 4000"]
    }
  },

  "interface_modes": {
    "ibmpc_dd": {"code": "0x00", "rpm": 300, "bitrate": 250000},
    "ibmpc_hd": {"code": "0x01", "rpm": 300, "bitrate": 500000},
    "atarist_dd": {"code": "0x02", "rpm": 300, "bitrate": 250000},
    "atarist_hd": {"code": "0x03", "rpm": 300, "bitrate": 500000},
    "amiga_dd": {"code": "0x04", "rpm": 300, "bitrate": 250000},
    "amiga_hd": {"code": "0x05", "rpm": 300, "bitrate": 500000},
    "cpc_dd": {"code": "0x06", "rpm": 300, "bitrate": 250000},
    "c64_dd": {"code": "0x0A", "rpm": 300, "bitrate": 0},
    "quickdisk": {"code": "0x10", "rpm": 0, "bitrate": 0}
  },

  "scp_disk_types": {
    "manufacturers": {
      "commodore": "0x00",
      "atari": "0x10",
      "apple": "0x20",
      "pc": "0x30",
      "tandy": "0x40",
      "ti": "0x50",
      "roland": "0x60",
      "other": "0x80"
    },
    "disk_subtypes": {
      "c64": "0x00",
      "amiga": "0x04",
      "atari_st_ss": "0x04",
      "atari_st_ds": "0x05",
      "apple_ii": "0x00",
      "apple_400k": "0x04",
      "apple_800k": "0x05",
      "pc_360k": "0x00",
      "pc_720k": "0x01",
      "pc_1.2m": "0x02",
      "pc_1.44m": "0x03"
    }
  },

  "pll_defaults": {
    "tick_frequency": 250000000,
    "default_bitrate": 250000,
    "max_pulse_skew": 25,
    "block_time_us": 1000,
    "search_depth": 0.025,
    "slow_correction_ratio": {"numerator": 7, "denominator": 8},
    "fast_correction_ratio": {"numerator": 9, "denominator": 8},
    "phase_correction_factor": 8
  },

  "c64_gcr_zones": [
    {"tracks": [1, 17], "sectors": 21, "bitrate": 307692},
    {"tracks": [18, 24], "sectors": 19, "bitrate": 285714},
    {"tracks": [25, 30], "sectors": 18, "bitrate": 266667},
    {"tracks": [31, 35], "sectors": 17, "bitrate": 250000}
  ],

  "amiga_track_layout": {
    "dd": {
      "sectors": 11,
      "sector_size": 512,
      "track_size": 5632,
      "bitrate": 250000,
      "rpm": 300,
      "sync_word": "0x4489"
    },
    "hd": {
      "sectors": 22,
      "sector_size": 512,
      "track_size": 11264,
      "bitrate": 500000,
      "rpm": 300,
      "sync_word": "0x4489"
    }
  },

  "hardware_timings": {
    "amiga": {
      "step_pulse_ms": 3,
      "head_settle_ms": 15,
      "direction_change_ms": 18,
      "motor_spinup_ms": 500,
      "index_timeout_ms": 400
    },
    "ibm_pc": {
      "step_pulse_ms": 3,
      "head_settle_ms": 15,
      "direction_change_ms": 18,
      "motor_spinup_ms": 500
    }
  }
}
