{
  "_meta": {
    "title": "UFT Parameter Registry",
    "version": "1.4.0",
    "last_updated": "2025-12-30",
    "description": "Zentrale Parameter-Definition für alle GUI-Modi",
    "sources": ["a8rawconv", "disk-utilities", "disktools", "flux-architect", "amiga-stuff", "fdutils", "gw_scripts"]
  },
  
  "modes": {
    "simple": {
      "name": "Simple",
      "icon": "copy",
      "description": "Quick Copy/Convert für Einsteiger",
      "color": "#4CAF50"
    },
    "flux": {
      "name": "Flux", 
      "icon": "waveform",
      "description": "Raw Flux Capture mit PLL-Tuning",
      "color": "#2196F3"
    },
    "recovery": {
      "name": "Recovery",
      "icon": "rescue",
      "description": "Datenrettung von beschädigten Medien",
      "color": "#FF9800"
    },
    "protection": {
      "name": "Protection",
      "icon": "shield",
      "description": "Kopierschutz-Analyse und Preservation",
      "color": "#9C27B0"
    }
  },

  "categories": {
    "format": {
      "name": "Format",
      "description": "Quell- und Zielformat-Einstellungen"
    },
    "pll": {
      "name": "PLL Tuning",
      "description": "Phase-Locked Loop Parameter"
    },
    "capture": {
      "name": "Capture",
      "description": "Aufnahme-Einstellungen"
    },
    "recovery": {
      "name": "Recovery",
      "description": "Wiederherstellungs-Parameter"
    },
    "protection": {
      "name": "Protection",
      "description": "Kopierschutz-Einstellungen"
    },
    "output": {
      "name": "Output",
      "description": "Ausgabe-Optionen"
    }
  },

  "parameters": [
    {
      "id": "source_format",
      "name": "Source Format",
      "category": "format",
      "type": "combo",
      "default": "auto",
      "modes": ["simple", "flux", "recovery", "protection"],
      "required": true,
      "description": "Quell-Disketten-Format",
      "added": "1.0.0"
    },
    {
      "id": "target_format",
      "name": "Target Format",
      "category": "format",
      "type": "combo",
      "default": "same",
      "modes": ["simple", "flux", "recovery", "protection"],
      "required": true,
      "description": "Ziel-Format für Ausgabe",
      "added": "1.0.0"
    },
    {
      "id": "auto_detect",
      "name": "Auto-Detect",
      "category": "format",
      "type": "bool",
      "default": true,
      "modes": ["simple", "protection"],
      "description": "Format automatisch erkennen",
      "added": "1.0.0"
    },
    {
      "id": "verify_after",
      "name": "Verify After Write",
      "category": "output",
      "type": "bool",
      "default": true,
      "modes": ["simple"],
      "description": "Nach Schreiben verifizieren",
      "added": "1.0.0"
    },

    {
      "id": "clock_gain",
      "name": "Clock Gain",
      "category": "pll",
      "type": "slider",
      "min": 0.01,
      "max": 0.50,
      "step": 0.01,
      "default": 0.05,
      "modes": ["flux"],
      "advanced": false,
      "description": "PLL Frequenz-Anpassungsrate",
      "added": "1.0.0"
    },
    {
      "id": "phase_gain",
      "name": "Phase Gain",
      "category": "pll",
      "type": "slider",
      "min": 0.10,
      "max": 0.90,
      "step": 0.01,
      "default": 0.65,
      "modes": ["flux"],
      "advanced": false,
      "description": "PLL Phasen-Anpassungsrate",
      "added": "1.0.0"
    },
    {
      "id": "max_adjust",
      "name": "Max Clock Adjust",
      "category": "pll",
      "type": "slider",
      "min": 0.05,
      "max": 0.30,
      "step": 0.01,
      "default": 0.20,
      "modes": ["flux"],
      "advanced": true,
      "description": "Maximale Clock-Drift in %",
      "added": "1.0.0"
    },
    {
      "id": "pll_preset",
      "name": "PLL Preset",
      "category": "pll",
      "type": "combo",
      "options": ["default", "aggressive", "conservative", "weak_bits", "wide_training", "narrow_training", "hard_sector", "hard_sector_v2"],
      "default": "default",
      "modes": ["flux"],
      "description": "Vordefinierte PLL-Einstellungen (basierend auf US Patent 4808884)",
      "added": "1.0.0",
      "updated": "1.2.0"
    },
    {
      "id": "dpll_fast_divisor",
      "name": "DPLL Fast Divisor",
      "category": "pll",
      "type": "spin",
      "min": 50,
      "max": 300,
      "default": 100,
      "modes": ["flux"],
      "advanced": true,
      "description": "DPLL Fast-Mode Clock-Divisor",
      "added": "1.2.0",
      "source": "disktools"
    },
    {
      "id": "dpll_fast_count",
      "name": "DPLL Fast Bit Count",
      "category": "pll",
      "type": "spin",
      "min": 16,
      "max": 256,
      "default": 128,
      "modes": ["flux"],
      "advanced": true,
      "description": "Bits im Fast-Training-Modus",
      "added": "1.2.0",
      "source": "disktools"
    },
    {
      "id": "dpll_fast_tolerance",
      "name": "DPLL Fast Tolerance",
      "category": "pll",
      "type": "slider",
      "min": 1.0,
      "max": 20.0,
      "step": 0.5,
      "default": 10.0,
      "unit": "%",
      "modes": ["flux"],
      "advanced": true,
      "description": "Toleranz im Fast-Training-Modus",
      "added": "1.2.0",
      "source": "disktools"
    },
    {
      "id": "dpll_medium_divisor",
      "name": "DPLL Medium Divisor",
      "category": "pll",
      "type": "spin",
      "min": 100,
      "max": 500,
      "default": 300,
      "modes": ["flux"],
      "advanced": true,
      "description": "DPLL Medium-Mode Clock-Divisor",
      "added": "1.2.0",
      "source": "disktools"
    },
    {
      "id": "dpll_slow_divisor",
      "name": "DPLL Slow Divisor",
      "category": "pll",
      "type": "spin",
      "min": 200,
      "max": 800,
      "default": 400,
      "modes": ["flux"],
      "advanced": true,
      "description": "DPLL Slow-Mode (Normal) Clock-Divisor",
      "added": "1.2.0",
      "source": "disktools"
    },
    {
      "id": "dpll_slow_tolerance",
      "name": "DPLL Slow Tolerance",
      "category": "pll",
      "type": "slider",
      "min": 0.1,
      "max": 10.0,
      "step": 0.1,
      "default": 8.0,
      "unit": "%",
      "modes": ["flux"],
      "advanced": true,
      "description": "Toleranz im Normal-Modus",
      "added": "1.2.0",
      "source": "disktools"
    },

    {
      "id": "revolutions",
      "name": "Revolutions",
      "category": "capture",
      "type": "spin",
      "min": 1,
      "max": 10,
      "default": 3,
      "modes": ["flux", "protection"],
      "description": "Umdrehungen pro Track",
      "added": "1.0.0"
    },
    {
      "id": "sample_rate",
      "name": "Sample Rate",
      "category": "capture",
      "type": "combo",
      "options": ["25MHz", "40MHz", "50MHz", "80MHz"],
      "default": "25MHz",
      "modes": ["flux"],
      "description": "Abtastrate für Flux-Capture",
      "added": "1.0.0"
    },
    {
      "id": "start_track",
      "name": "Start Track",
      "category": "capture",
      "type": "spin",
      "min": 0,
      "max": 83,
      "default": 0,
      "modes": ["flux", "recovery", "protection"],
      "description": "Erster zu lesender Track",
      "added": "1.0.0"
    },
    {
      "id": "end_track",
      "name": "End Track",
      "category": "capture",
      "type": "spin",
      "min": 0,
      "max": 83,
      "default": 79,
      "modes": ["flux", "recovery", "protection"],
      "description": "Letzter zu lesender Track",
      "added": "1.0.0"
    },
    {
      "id": "sides",
      "name": "Sides",
      "category": "capture",
      "type": "combo",
      "options": ["side0", "side1", "both"],
      "default": "both",
      "modes": ["flux", "recovery", "protection"],
      "description": "Zu lesende Seiten",
      "added": "1.0.0"
    },
    {
      "id": "step_mode",
      "name": "Step Mode",
      "category": "capture",
      "type": "combo",
      "options": ["full", "half", "quarter"],
      "default": "full",
      "modes": ["flux", "protection"],
      "advanced": true,
      "description": "Track-Schrittweite",
      "added": "1.0.0"
    },
    {
      "id": "include_timing",
      "name": "Include Timing",
      "category": "capture",
      "type": "bool",
      "default": true,
      "modes": ["flux"],
      "description": "Timing-Daten in Ausgabe speichern",
      "added": "1.0.0"
    },

    {
      "id": "max_retries",
      "name": "Max Retries",
      "category": "recovery",
      "type": "spin",
      "min": 1,
      "max": 100,
      "default": 10,
      "modes": ["recovery"],
      "description": "Maximale Leseversuche pro Sektor",
      "added": "1.0.0"
    },
    {
      "id": "retry_delay_ms",
      "name": "Retry Delay",
      "category": "recovery",
      "type": "spin",
      "min": 0,
      "max": 5000,
      "default": 100,
      "unit": "ms",
      "modes": ["recovery"],
      "description": "Pause zwischen Leseversuchen",
      "added": "1.0.0"
    },
    {
      "id": "head_settle_ms",
      "name": "Head Settle Time",
      "category": "recovery",
      "type": "spin",
      "min": 0,
      "max": 500,
      "default": 15,
      "unit": "ms",
      "modes": ["recovery"],
      "advanced": true,
      "description": "Kopf-Beruhigungszeit",
      "added": "1.0.0"
    },
    {
      "id": "skip_bad",
      "name": "Skip Bad Sectors",
      "category": "recovery",
      "type": "bool",
      "default": true,
      "modes": ["recovery"],
      "description": "Fehlerhafte Sektoren überspringen",
      "added": "1.0.0"
    },
    {
      "id": "fill_byte",
      "name": "Fill Byte",
      "category": "recovery",
      "type": "hex",
      "min": "0x00",
      "max": "0xFF",
      "default": "0x00",
      "modes": ["recovery"],
      "description": "Füllbyte für unlesbare Sektoren",
      "added": "1.0.0"
    },
    {
      "id": "partial_read",
      "name": "Keep Partial Data",
      "category": "recovery",
      "type": "bool",
      "default": true,
      "modes": ["recovery"],
      "description": "Teilweise gelesene Daten behalten",
      "added": "1.0.0"
    },
    {
      "id": "multi_pass",
      "name": "Multi-Pass",
      "category": "recovery",
      "type": "bool",
      "default": true,
      "modes": ["recovery"],
      "advanced": true,
      "description": "Mehrere Durchläufe kombinieren",
      "added": "1.0.0"
    },
    {
      "id": "vote_threshold",
      "name": "Vote Threshold",
      "category": "recovery",
      "type": "spin",
      "min": 1,
      "max": 10,
      "default": 3,
      "modes": ["recovery"],
      "advanced": true,
      "description": "Abstimmungs-Schwelle bei Konflikten",
      "added": "1.0.0"
    },
    {
      "id": "create_error_map",
      "name": "Create Error Map",
      "category": "recovery",
      "type": "bool",
      "default": true,
      "modes": ["recovery"],
      "description": "Fehler-Karte erstellen",
      "added": "1.0.0"
    },

    {
      "id": "preserve_weak",
      "name": "Preserve Weak Bits",
      "category": "protection",
      "type": "bool",
      "default": true,
      "modes": ["protection"],
      "description": "Weak Bits im Image erhalten",
      "added": "1.0.0"
    },
    {
      "id": "preserve_timing",
      "name": "Preserve Timing",
      "category": "protection",
      "type": "bool",
      "default": true,
      "modes": ["protection"],
      "description": "Original-Timing erhalten",
      "added": "1.0.0"
    },
    {
      "id": "multi_revolution",
      "name": "Multi-Revolution",
      "category": "protection",
      "type": "bool",
      "default": true,
      "modes": ["protection"],
      "description": "Mehrere Umdrehungen für Analyse",
      "added": "1.0.0"
    },
    {
      "id": "capture_halftracks",
      "name": "Capture Half-Tracks",
      "category": "protection",
      "type": "bool",
      "default": false,
      "modes": ["protection"],
      "advanced": true,
      "description": "Half-Tracks lesen",
      "added": "1.0.0"
    },
    {
      "id": "analyze_traits",
      "name": "Analyze Traits",
      "category": "protection",
      "type": "bool",
      "default": true,
      "modes": ["protection"],
      "description": "Schutz-Merkmale analysieren",
      "added": "1.0.0"
    },
    {
      "id": "scheme_hint",
      "name": "Protection Scheme",
      "category": "protection",
      "type": "combo",
      "options": ["auto", "none", 
        "copylock", "copylock_old", "psygnosis_a", "psygnosis_b", "psygnosis_c",
        "speedlock", "protec", "rnc_pdos", "rnc_pdos_old", "core_design",
        "factor5", "blue_byte", "firebird", "rainbird", "rainbow_arts",
        "thalion", "ubi_protection", "sensible", "elite", "dungeon_master",
        "alienbreed", "robocop", "shadow_beast", "turrican",
        "rapidlok", "geos_gap", "vorpal", "vmax", "softguard",
        "amigados_long", "amigados_extended", "custom"
      ],
      "default": "auto",
      "modes": ["protection"],
      "description": "Bekanntes Schema vorgeben (196+ aus disk-utilities)",
      "added": "1.0.0",
      "updated": "1.2.0",
      "source": "disk-utilities"
    },
    {
      "id": "amiga_protection_family",
      "name": "Amiga Protection Family",
      "category": "protection",
      "type": "combo",
      "options": ["auto", "none",
        "rob_northen", "psygnosis", "factor5", "rainbow_arts", 
        "ubi_soft", "thalion", "blue_byte", "core_design",
        "sensible", "gremlin", "ocean", "electronic_arts",
        "cinemaware", "team17", "custom"
      ],
      "default": "auto",
      "modes": ["protection"],
      "description": "Amiga Publisher/Protection-Familie",
      "added": "1.2.0",
      "source": "disk-utilities"
    },
    {
      "id": "copylock_lfsr_seed",
      "name": "CopyLock LFSR Seed",
      "category": "protection",
      "type": "hex",
      "min": "0x000000",
      "max": "0x7FFFFF",
      "default": "0x000000",
      "modes": ["protection"],
      "advanced": true,
      "description": "23-bit LFSR Seed für CopyLock (0=auto-detect)",
      "added": "1.2.0",
      "source": "disk-utilities"
    },
    {
      "id": "variable_timing_tolerance",
      "name": "Variable Timing Tolerance",
      "category": "protection",
      "type": "slider",
      "min": 0,
      "max": 20,
      "step": 1,
      "default": 5,
      "unit": "%",
      "modes": ["protection"],
      "advanced": true,
      "description": "Toleranz für CopyLock variable Timing (+5%/-5%)",
      "added": "1.2.0",
      "source": "disk-utilities"
    },
    {
      "id": "long_track_threshold",
      "name": "Long Track Threshold",
      "category": "protection",
      "type": "spin",
      "min": 100000,
      "max": 120000,
      "default": 102200,
      "unit": "bits",
      "modes": ["protection"],
      "advanced": true,
      "description": "Schwellwert für Long Track Detection",
      "added": "1.2.0",
      "source": "disk-utilities"
    },
    {
      "id": "sync_word_list",
      "name": "Custom Sync Words",
      "category": "protection",
      "type": "text",
      "default": "4489",
      "modes": ["protection"],
      "advanced": true,
      "description": "Komma-getrennte Sync-Words (hex, z.B. 4489,8912,8914)",
      "added": "1.2.0",
      "source": "disk-utilities"
    },
    {
      "id": "speedlock_offset",
      "name": "Speedlock Offset",
      "category": "protection",
      "type": "spin",
      "min": 0,
      "max": 20000,
      "default": 9756,
      "unit": "bytes",
      "modes": ["protection"],
      "advanced": true,
      "description": "Offset nach Index für Speedlock-Timing (Standard: 9756 bytes)",
      "added": "1.2.0",
      "source": "amiga-stuff"
    },
    {
      "id": "speedlock_long_bytes",
      "name": "Speedlock Long Bytes",
      "category": "protection",
      "type": "spin",
      "min": 50,
      "max": 500,
      "default": 120,
      "unit": "bytes",
      "modes": ["protection"],
      "advanced": true,
      "description": "Länge der Long-Bitcell-Sequenz",
      "added": "1.2.0",
      "source": "amiga-stuff"
    },
    {
      "id": "speedlock_timing_var",
      "name": "Speedlock Timing Variation",
      "category": "protection",
      "type": "spin",
      "min": 5,
      "max": 20,
      "default": 10,
      "unit": "%",
      "modes": ["protection"],
      "advanced": true,
      "description": "Timing-Variation für Speedlock (±%)",
      "added": "1.2.0",
      "source": "amiga-stuff"
    },
    {
      "id": "precomp_threshold_cyl",
      "name": "Precomp Threshold",
      "category": "capture",
      "type": "spin",
      "min": 30,
      "max": 50,
      "default": 40,
      "modes": ["flux"],
      "advanced": true,
      "description": "Zylinder ab dem Write-Precompensation aktiviert wird",
      "added": "1.2.0",
      "source": "amiga-stuff"
    },
    {
      "id": "precomp_ns",
      "name": "Precompensation",
      "category": "capture",
      "type": "spin",
      "min": 0,
      "max": 300,
      "default": 140,
      "unit": "ns",
      "modes": ["flux"],
      "advanced": true,
      "description": "Write-Precompensation in Nanosekunden (140ns = Kickstart 3.1 Standard)",
      "added": "1.2.0",
      "source": "amiga-stuff"
    },
    {
      "id": "step_delay_ms",
      "name": "Step Delay",
      "category": "hardware",
      "type": "spin",
      "min": 1,
      "max": 20,
      "default": 3,
      "unit": "ms",
      "modes": ["flux", "capture"],
      "advanced": true,
      "description": "Verzögerung zwischen Schritt-Pulsen",
      "added": "1.2.0",
      "source": "amiga-stuff"
    },
    {
      "id": "head_settle_ms",
      "name": "Head Settle Time",
      "category": "hardware",
      "type": "spin",
      "min": 5,
      "max": 50,
      "default": 15,
      "unit": "ms",
      "modes": ["flux", "capture"],
      "advanced": true,
      "description": "Kopf-Einschwingzeit nach Seek",
      "added": "1.2.0",
      "source": "amiga-stuff"
    },
    {
      "id": "motor_spinup_ms",
      "name": "Motor Spinup Timeout",
      "category": "hardware",
      "type": "spin",
      "min": 500,
      "max": 3000,
      "default": 1250,
      "unit": "ms",
      "modes": ["flux", "capture"],
      "advanced": true,
      "description": "Motor-Anlauf Timeout (DD: 1250ms, HD: 2000ms)",
      "added": "1.2.0",
      "source": "amiga-stuff"
    },
    {
      "id": "drive_id_mode",
      "name": "Drive ID Detection",
      "category": "hardware",
      "type": "combo",
      "options": ["auto", "amiga_dd80", "amiga_dd40", "amiga_hd80", "pc_standard", "gotek"],
      "default": "auto",
      "modes": ["all"],
      "description": "Laufwerks-ID Erkennung (Amiga: 0x00=DD80, 0x55555555=DD40, 0xAAAAAAAA=HD/Gotek)",
      "added": "1.2.0",
      "source": "amiga-stuff"
    },
    {
      "id": "mfm_clock_mask",
      "name": "MFM Clock Mask",
      "category": "decode",
      "type": "hex",
      "default": "0xAAAAAAAA",
      "modes": ["flux"],
      "advanced": true,
      "description": "MFM Clock-Bit Maske (Standard: 0xAAAAAAAA)",
      "added": "1.2.0",
      "source": "amiga-stuff"
    },
    {
      "id": "mfm_data_mask",
      "name": "MFM Data Mask",
      "category": "decode",
      "type": "hex",
      "default": "0x55555555",
      "modes": ["flux"],
      "advanced": true,
      "description": "MFM Daten-Bit Maske (Standard: 0x55555555)",
      "added": "1.2.0",
      "source": "amiga-stuff"
    },
    {
      "id": "crc16_poly",
      "name": "CRC16 Polynomial",
      "category": "checksum",
      "type": "hex",
      "default": "0x1021",
      "modes": ["all"],
      "advanced": true,
      "description": "CRC16-CCITT Polynom",
      "added": "1.2.0",
      "source": "amiga-stuff"
    },
    {
      "id": "crc16_init",
      "name": "CRC16 Init Value",
      "category": "checksum",
      "type": "hex",
      "default": "0xFFFF",
      "modes": ["all"],
      "advanced": true,
      "description": "CRC16-CCITT Startwert",
      "added": "1.2.0",
      "source": "amiga-stuff"
    },
    {
      "id": "diag_measurement_cycles",
      "name": "RPM Measurement Cycles",
      "category": "diagnostics",
      "type": "spin",
      "min": 100,
      "max": 10000,
      "default": 1000,
      "modes": ["flux"],
      "advanced": true,
      "description": "Anzahl Messzyklen für RPM-Messung",
      "added": "1.3.0",
      "source": "fdutils"
    },
    {
      "id": "diag_warmup_rotations",
      "name": "Warmup Rotations",
      "category": "diagnostics",
      "type": "spin",
      "min": 10,
      "max": 500,
      "default": 100,
      "modes": ["flux"],
      "advanced": true,
      "description": "Warmup-Rotationen vor Messung",
      "added": "1.3.0",
      "source": "fdutils"
    },
    {
      "id": "diag_sliding_window",
      "name": "Sliding Average Window",
      "category": "diagnostics",
      "type": "spin",
      "min": 5,
      "max": 50,
      "default": 10,
      "modes": ["flux"],
      "advanced": true,
      "description": "Fenstergröße für gleitenden Durchschnitt",
      "added": "1.3.0",
      "source": "fdutils"
    },
    {
      "id": "diag_test_cylinder",
      "name": "Test Cylinder",
      "category": "diagnostics",
      "type": "spin",
      "min": 0,
      "max": 84,
      "default": 0,
      "modes": ["flux"],
      "description": "Zylinder für Diagnose-Tests",
      "added": "1.3.0",
      "source": "fdutils"
    },
    {
      "id": "diag_revolutions_per_pass",
      "name": "Revolutions per Pass",
      "category": "diagnostics",
      "type": "spin",
      "min": 10,
      "max": 200,
      "default": 50,
      "modes": ["flux"],
      "description": "Umdrehungen pro Durchlauf (Drift-Test)",
      "added": "1.3.0",
      "source": "gw_drift_jitter_test"
    },
    {
      "id": "diag_passes",
      "name": "Test Passes",
      "category": "diagnostics",
      "type": "spin",
      "min": 1,
      "max": 20,
      "default": 5,
      "modes": ["flux"],
      "description": "Anzahl Durchläufe für Drift-Analyse",
      "added": "1.3.0",
      "source": "gw_drift_jitter_test"
    },
    {
      "id": "diag_max_deviation_ppm",
      "name": "Max Deviation",
      "category": "diagnostics",
      "type": "spin",
      "min": 500,
      "max": 10000,
      "default": 3100,
      "unit": "ppm",
      "modes": ["flux"],
      "description": "Maximale erlaubte Abweichung in PPM",
      "added": "1.3.0",
      "source": "fdutils"
    },
    {
      "id": "diag_rpm_tolerance_ppm",
      "name": "RPM Tolerance",
      "category": "diagnostics",
      "type": "spin",
      "min": 100,
      "max": 2000,
      "default": 500,
      "unit": "ppm",
      "modes": ["flux"],
      "description": "RPM-Toleranz in PPM",
      "added": "1.3.0",
      "source": "fdutils"
    },
    {
      "id": "diag_gw_stats_interval",
      "name": "Stats Refresh Interval",
      "category": "diagnostics",
      "type": "double",
      "min": 0.1,
      "max": 5.0,
      "default": 0.5,
      "unit": "s",
      "modes": ["flux"],
      "description": "Greaseweazle Stats Aktualisierungsintervall",
      "added": "1.3.0",
      "source": "gw_stats"
    },
    {
      "id": "generate_report",
      "name": "Generate Report",
      "category": "output",
      "type": "bool",
      "default": true,
      "modes": ["recovery", "protection"],
      "description": "Analyse-Report erstellen",
      "added": "1.0.0"
    },
    {
      "id": "include_metadata",
      "name": "Include Metadata",
      "category": "output",
      "type": "bool",
      "default": true,
      "modes": ["flux", "protection"],
      "description": "Metadata in Ausgabe einbetten",
      "added": "1.0.0"
    }
  ],

  "presets": {
    "pll": [
      {
        "id": "default",
        "name": "Default",
        "description": "Ausgewogene Einstellungen",
        "values": {
          "clock_gain": 0.05,
          "phase_gain": 0.65,
          "max_adjust": 0.20,
          "revolutions": 3
        }
      },
      {
        "id": "aggressive",
        "name": "Aggressive",
        "description": "Schnelles Tracking, mehr Jitter",
        "values": {
          "clock_gain": 0.10,
          "phase_gain": 0.75,
          "max_adjust": 0.25,
          "revolutions": 2
        }
      },
      {
        "id": "conservative",
        "name": "Conservative",
        "description": "Langsames Tracking, stabiler",
        "values": {
          "clock_gain": 0.03,
          "phase_gain": 0.50,
          "max_adjust": 0.15,
          "revolutions": 5
        }
      },
      {
        "id": "weak_bits",
        "name": "Weak Bits",
        "description": "Optimiert für Weak-Bit Erkennung",
        "values": {
          "clock_gain": 0.02,
          "phase_gain": 0.40,
          "max_adjust": 0.10,
          "revolutions": 5
        }
      },
      {
        "id": "wide_training",
        "name": "Wide Training (DPLL Profile 0)",
        "description": "Weites Training-Fenster, lange Stabilisierung (disktools)",
        "source": "disktools/US-Patent-4808884",
        "values": {
          "dpll_fast_divisor": 100,
          "dpll_fast_count": 128,
          "dpll_fast_tolerance": 10.0,
          "dpll_medium_divisor": 300,
          "dpll_slow_divisor": 400,
          "dpll_slow_tolerance": 8.0
        }
      },
      {
        "id": "narrow_training",
        "name": "Narrow Training (DPLL Profile 1)",
        "description": "Schmales Training-Fenster, kurze Stabilisierung",
        "source": "disktools/US-Patent-4808884",
        "values": {
          "dpll_fast_divisor": 100,
          "dpll_fast_count": 32,
          "dpll_fast_tolerance": 10.0,
          "dpll_medium_divisor": 200,
          "dpll_slow_divisor": 200,
          "dpll_slow_tolerance": 2.0
        }
      },
      {
        "id": "very_narrow",
        "name": "Very Narrow Training (DPLL Profile 2)",
        "description": "Sehr schmales Training für stabile Medien",
        "source": "disktools/US-Patent-4808884",
        "values": {
          "dpll_fast_divisor": 100,
          "dpll_fast_count": 16,
          "dpll_fast_tolerance": 8.0,
          "dpll_medium_divisor": 200,
          "dpll_slow_divisor": 400,
          "dpll_slow_tolerance": 0.25
        }
      },
      {
        "id": "hard_sector",
        "name": "Hard Sector (DPLL Profile 3)",
        "description": "Für Hard-Sector Formate ohne Gap-Sync",
        "source": "disktools/US-Patent-4808884",
        "values": {
          "dpll_fast_divisor": 100,
          "dpll_fast_count": 21,
          "dpll_fast_tolerance": 8.0,
          "dpll_medium_divisor": 400,
          "dpll_slow_divisor": 600,
          "dpll_slow_tolerance": 0.25
        }
      },
      {
        "id": "hard_sector_v2",
        "name": "Hard Sector V2 (DPLL Profile 4)",
        "description": "Alternative Hard-Sector Einstellungen",
        "source": "disktools/US-Patent-4808884",
        "values": {
          "dpll_fast_divisor": 200,
          "dpll_fast_count": 32,
          "dpll_fast_tolerance": 6.0,
          "dpll_medium_divisor": 400,
          "dpll_slow_divisor": 600,
          "dpll_slow_tolerance": 0.25
        }
      },
      {
        "id": "copylock",
        "name": "CopyLock Protection",
        "description": "Optimiert für Rob Northen CopyLock (+5%/-5% Timing)",
        "source": "disk-utilities",
        "values": {
          "clock_gain": 0.08,
          "phase_gain": 0.70,
          "max_adjust": 0.10,
          "revolutions": 5,
          "variable_timing_tolerance": 6
        }
      },
      {
        "id": "amiga_long_track",
        "name": "Amiga Long Track",
        "description": "Für AmigaDOS Long Tracks (102200-111000 bits)",
        "source": "disk-utilities",
        "values": {
          "clock_gain": 0.04,
          "phase_gain": 0.55,
          "max_adjust": 0.15,
          "revolutions": 3,
          "long_track_threshold": 102200
        }
      }
    ],
    "recovery": [
      {
        "id": "quick",
        "name": "Quick",
        "description": "Schnell, wenig Versuche",
        "values": {
          "max_retries": 3,
          "retry_delay_ms": 50,
          "multi_pass": false
        }
      },
      {
        "id": "standard",
        "name": "Standard",
        "description": "Ausgewogen",
        "values": {
          "max_retries": 10,
          "retry_delay_ms": 100,
          "multi_pass": true
        }
      },
      {
        "id": "aggressive",
        "name": "Aggressive",
        "description": "Viele Versuche",
        "values": {
          "max_retries": 50,
          "retry_delay_ms": 200,
          "multi_pass": true
        }
      },
      {
        "id": "forensic",
        "name": "Forensic",
        "description": "Maximum Effort",
        "values": {
          "max_retries": 100,
          "retry_delay_ms": 500,
          "multi_pass": true,
          "vote_threshold": 5
        }
      }
    ]
  },

  "changelog": [
    {
      "version": "1.1.0",
      "date": "2025-12-30",
      "changes": [
        "Added parameters from a8rawconv analysis",
        "New encoding modes: fm, mfm, pcmfm, a2gcr, macgcr, amigamfm",
        "New analysis modes for flux timing histograms",
        "Clock period adjustment (50-200%)",
        "Post-compensation modes (none, auto, mac800k)",
        "TPI settings (48, 96, 135)",
        "High density mode",
        "Interleave modes (auto, force-auto, none, xf551-hs)",
        "Precise encoding option",
        "Advanced: reverse_tracks, invert_bit7, erase_odd_tracks, splice_mode"
      ]
    },
    {
      "version": "1.0.0",
      "date": "2025-12-30",
      "changes": [
        "Initial parameter registry",
        "4 Modi: Simple, Flux, Recovery, Protection",
        "PLL Presets: Default, Aggressive, Conservative, Weak Bits",
        "Recovery Presets: Quick, Standard, Aggressive, Forensic"
      ]
    }
  ],

  "a8rawconv_parameters": [
    {
      "id": "encoding_mode",
      "name": "Encoding Mode",
      "category": "format",
      "type": "combo",
      "options": ["auto", "fm", "mfm", "pcmfm", "a2gcr", "macgcr", "amigamfm"],
      "default": "auto",
      "modes": ["flux", "protection"],
      "description": "Disk-Encoding Typ (FM/MFM/GCR)",
      "added": "1.1.0",
      "source": "a8rawconv"
    },
    {
      "id": "clock_period_adjust",
      "name": "Clock Period",
      "category": "pll",
      "type": "slider",
      "min": 50,
      "max": 200,
      "step": 1,
      "default": 100,
      "unit": "%",
      "modes": ["flux"],
      "description": "Clock Period Adjustment in Prozent",
      "added": "1.1.0",
      "source": "a8rawconv"
    },
    {
      "id": "post_compensation",
      "name": "Post-Compensation",
      "category": "pll",
      "type": "combo",
      "options": ["none", "auto", "mac800k"],
      "default": "auto",
      "modes": ["flux"],
      "description": "Flux Post-Compensation Mode",
      "added": "1.1.0",
      "source": "a8rawconv"
    },
    {
      "id": "tpi",
      "name": "Tracks per Inch",
      "category": "capture",
      "type": "combo",
      "options": ["48", "96", "135"],
      "default": "96",
      "modes": ["flux"],
      "description": "Track Density (48=40T, 96/135=80T)",
      "added": "1.1.0",
      "source": "a8rawconv"
    },
    {
      "id": "high_density",
      "name": "High Density",
      "category": "capture",
      "type": "bool",
      "default": false,
      "modes": ["flux"],
      "description": "HD Modus (1µs statt 2µs Clock)",
      "added": "1.1.0",
      "source": "a8rawconv"
    },
    {
      "id": "analyze_mode",
      "name": "Analysis Mode",
      "category": "output",
      "type": "combo",
      "options": ["none", "atari-fm", "atari-mfm", "pc-360k", "pc-1.2m", "pc-1.44m", "amiga", "apple2", "mac"],
      "default": "none",
      "modes": ["flux", "protection"],
      "description": "Flux-Timing Histogram Analyse",
      "added": "1.1.0",
      "source": "a8rawconv"
    },
    {
      "id": "encode_precise",
      "name": "Precise Encoding",
      "category": "capture",
      "type": "bool",
      "default": false,
      "modes": ["flux"],
      "description": "Original-Sektor-Positionen beibehalten",
      "added": "1.1.0",
      "source": "a8rawconv"
    },
    {
      "id": "interleave_mode",
      "name": "Interleave Mode",
      "category": "capture",
      "type": "combo",
      "options": ["auto", "force-auto", "none", "xf551-hs"],
      "default": "auto",
      "modes": ["simple", "flux"],
      "description": "Sektor-Interleave Modus",
      "added": "1.1.0",
      "source": "a8rawconv"
    },
    {
      "id": "reverse_tracks",
      "name": "Reverse Tracks",
      "category": "capture",
      "type": "bool",
      "default": false,
      "modes": ["flux"],
      "advanced": true,
      "description": "Tracks rückwärts dekodieren (flipped disk)",
      "added": "1.1.0",
      "source": "a8rawconv"
    },
    {
      "id": "invert_bit7",
      "name": "Invert Bit 7",
      "category": "capture",
      "type": "bool",
      "default": false,
      "modes": ["flux"],
      "advanced": true,
      "description": "Bit 7 invertieren",
      "added": "1.1.0",
      "source": "a8rawconv"
    },
    {
      "id": "erase_odd_tracks",
      "name": "Erase Odd Tracks",
      "category": "capture",
      "type": "bool",
      "default": false,
      "modes": ["flux"],
      "advanced": true,
      "description": "Ungerade Tracks löschen (48tpi→96tpi)",
      "added": "1.1.0",
      "source": "a8rawconv"
    },
    {
      "id": "splice_mode",
      "name": "Splice Mode",
      "category": "capture",
      "type": "bool",
      "default": false,
      "modes": ["flux"],
      "advanced": true,
      "description": "Splice-Modus für SCP Direct",
      "added": "1.1.0",
      "source": "a8rawconv"
    },
    {
      "id": "show_layout",
      "name": "Show Layout",
      "category": "output",
      "type": "bool",
      "default": false,
      "modes": ["flux"],
      "description": "Sektor-Layout anzeigen",
      "added": "1.1.0",
      "source": "a8rawconv"
    },
    {
      "id": "dump_bad_sectors",
      "name": "Dump Bad Sectors",
      "category": "recovery",
      "type": "bool",
      "default": false,
      "modes": ["recovery"],
      "description": "Bad Sectors hexdumpen",
      "added": "1.1.0",
      "source": "a8rawconv"
    }
  ],

  "platform_timing": [
    {
      "id": "atari_fm",
      "name": "Atari FM",
      "rpm": 288,
      "bit_cell_us": 4.0,
      "data_rate_kbps": 125,
      "encoding": "fm"
    },
    {
      "id": "atari_mfm",
      "name": "Atari MFM",
      "rpm": 288,
      "bit_cell_us": 2.0,
      "data_rate_kbps": 250,
      "encoding": "mfm"
    },
    {
      "id": "pc_360k",
      "name": "PC 360K",
      "rpm": 300,
      "bit_cell_us": 2.0,
      "data_rate_kbps": 250,
      "encoding": "mfm"
    },
    {
      "id": "pc_1200k",
      "name": "PC 1.2M",
      "rpm": 360,
      "bit_cell_us": 1.0,
      "data_rate_kbps": 500,
      "encoding": "mfm"
    },
    {
      "id": "pc_1440k",
      "name": "PC 1.44M",
      "rpm": 300,
      "bit_cell_us": 1.0,
      "data_rate_kbps": 500,
      "encoding": "mfm"
    },
    {
      "id": "amiga",
      "name": "Amiga",
      "rpm": 300,
      "bit_cell_us": 2.0,
      "data_rate_kbps": 250,
      "encoding": "mfm"
    },
    {
      "id": "apple2",
      "name": "Apple II",
      "rpm": 300,
      "bit_cell_us": 4.0,
      "data_rate_kbps": 125,
      "encoding": "gcr"
    },
    {
      "id": "mac_zone0",
      "name": "Mac Zone 0 (T0-15)",
      "rpm": 394,
      "bit_cell_us": 2.0,
      "data_rate_kbps": 250,
      "encoding": "gcr"
    },
    {
      "id": "mac_zone1",
      "name": "Mac Zone 1 (T16-31)",
      "rpm": 429,
      "bit_cell_us": 2.0,
      "data_rate_kbps": 250,
      "encoding": "gcr"
    },
    {
      "id": "mac_zone2",
      "name": "Mac Zone 2 (T32-47)",
      "rpm": 472,
      "bit_cell_us": 2.0,
      "data_rate_kbps": 250,
      "encoding": "gcr"
    },
    {
      "id": "mac_zone3",
      "name": "Mac Zone 3 (T48-63)",
      "rpm": 525,
      "bit_cell_us": 2.0,
      "data_rate_kbps": 250,
      "encoding": "gcr"
    },
    {
      "id": "mac_zone4",
      "name": "Mac Zone 4 (T64-79)",
      "rpm": 590,
      "bit_cell_us": 2.0,
      "data_rate_kbps": 250,
      "encoding": "gcr"
    },
    {
      "id": "c64",
      "name": "Commodore 64",
      "rpm": 300,
      "bit_cell_us": 4.0,
      "data_rate_kbps": 125,
      "encoding": "gcr"
    }
  ],

  "input_formats": [
    {"id": "auto", "name": "Auto-Detect", "description": "Nach Extension erkennen"},
    {"id": "kryoflux", "name": "KryoFlux Stream", "extensions": ["raw"], "raw": true},
    {"id": "scp", "name": "SuperCard Pro", "extensions": ["scp"], "raw": true},
    {"id": "scp-ss40", "name": "SCP SS 40T", "extensions": ["scp"], "raw": true, "force_geometry": "40,1"},
    {"id": "scp-ds40", "name": "SCP DS 40T", "extensions": ["scp"], "raw": true, "force_geometry": "40,2"},
    {"id": "scp-ss80", "name": "SCP SS 80T", "extensions": ["scp"], "raw": true, "force_geometry": "80,1"},
    {"id": "scp-ds80", "name": "SCP DS 80T", "extensions": ["scp"], "raw": true, "force_geometry": "80,2"},
    {"id": "hfe", "name": "HxC Floppy Emulator", "extensions": ["hfe"], "raw": true, "source": "disk-utilities"},
    {"id": "hfev3", "name": "HFE v3 (with opcodes)", "extensions": ["hfe"], "raw": true, "has_weak": true, "source": "disk-utilities"},
    {"id": "ipf", "name": "SPS/CAPS IPF", "extensions": ["ipf"], "raw": true, "has_timing": true, "has_weak": true, "source": "disk-utilities"},
    {"id": "imd", "name": "ImageDisk", "extensions": ["imd"], "platform": "pc", "source": "disk-utilities"},
    {"id": "jv3", "name": "TRS-80 JV3", "extensions": ["jv3"], "platform": "trs80", "source": "disk-utilities"},
    {"id": "dsk", "name": "DSK (libdisk)", "extensions": ["dsk"], "source": "disk-utilities"},
    {"id": "eadf", "name": "Extended ADF", "extensions": ["adf"], "platform": "amiga", "has_timing": true, "source": "disk-utilities"},
    {"id": "atr", "name": "Atari ATR", "extensions": ["atr"], "platform": "atari"},
    {"id": "atx", "name": "Atari ATX/VAPI", "extensions": ["atx"], "platform": "atari", "has_timing": true},
    {"id": "xfd", "name": "Atari XFD", "extensions": ["xfd"], "platform": "atari"},
    {"id": "do", "name": "Apple II DOS", "extensions": ["do", "dsk"], "platform": "apple2"},
    {"id": "po", "name": "Apple II ProDOS", "extensions": ["po"], "platform": "apple2"},
    {"id": "nib", "name": "Apple II NIB", "extensions": ["nib"], "platform": "apple2", "raw": true},
    {"id": "vfd", "name": "PC VFD", "extensions": ["vfd", "flp"], "platform": "pc"},
    {"id": "adf", "name": "Amiga ADF", "extensions": ["adf"], "platform": "amiga"},
    {"id": "d64", "name": "C64 D64", "extensions": ["d64"], "platform": "c64"},
    {"id": "g64", "name": "C64 G64 (GCR)", "extensions": ["g64"], "platform": "c64", "raw": true, "has_timing": true},
    {"id": "diskscript", "name": "Disk Script", "extensions": ["diskscript"], "synthetic": true}
  ],

  "output_formats": [
    {"id": "auto", "name": "Auto-Detect"},
    {"id": "atx", "name": "Atari ATX", "extensions": ["atx"], "has_timing": true, "has_weak": true},
    {"id": "atr", "name": "Atari ATR", "extensions": ["atr"]},
    {"id": "xfd", "name": "Atari XFD", "extensions": ["xfd"]},
    {"id": "scp", "name": "SCP Auto", "extensions": ["scp"], "raw": true},
    {"id": "scp-ss40", "name": "SCP SS 40T", "raw": true},
    {"id": "scp-ds40", "name": "SCP DS 40T", "raw": true},
    {"id": "scp-ss80", "name": "SCP SS 80T", "raw": true},
    {"id": "scp-ds80", "name": "SCP DS 80T", "raw": true},
    {"id": "hfe", "name": "HFE v2", "extensions": ["hfe"], "raw": true, "source": "disk-utilities"},
    {"id": "hfev3", "name": "HFE v3", "extensions": ["hfe"], "raw": true, "has_weak": true, "source": "disk-utilities"},
    {"id": "ipf", "name": "SPS/CAPS IPF", "extensions": ["ipf"], "raw": true, "has_timing": true, "has_weak": true, "preservation": true, "source": "disk-utilities"},
    {"id": "imd", "name": "ImageDisk", "extensions": ["imd"], "source": "disk-utilities"},
    {"id": "jv3", "name": "TRS-80 JV3", "extensions": ["jv3"], "source": "disk-utilities"},
    {"id": "eadf", "name": "Extended ADF", "extensions": ["adf"], "has_timing": true, "source": "disk-utilities"},
    {"id": "do", "name": "Apple II DO", "extensions": ["do"]},
    {"id": "po", "name": "Apple II PO", "extensions": ["po"]},
    {"id": "macdsk", "name": "Mac DSK", "extensions": ["dsk"]},
    {"id": "vfd", "name": "PC VFD", "extensions": ["vfd", "flp"]},
    {"id": "nib", "name": "Apple NIB", "extensions": ["nib"], "raw": true},
    {"id": "adf", "name": "Amiga ADF", "extensions": ["adf"]},
    {"id": "d64", "name": "C64 D64", "extensions": ["d64"]},
    {"id": "g64", "name": "C64 G64", "extensions": ["g64"], "raw": true, "has_timing": true}
  ],

  "amiga_protection_database": {
    "_comment": "196 Amiga-Kopierschutz-Decoder aus disk-utilities (Public Domain)",
    "families": {
      "rob_northen": {
        "name": "Rob Northen Computing",
        "schemes": ["copylock", "copylock_old", "rnc_pdos", "rnc_pdos_old", "rnc_gap", "rnc_protect_process", "rnc_dualformat", "rnc_triformat"],
        "description": "CopyLock - verwendet in 100+ Spielen, 23-bit LFSR"
      },
      "speedlock": {
        "name": "Speedlock",
        "description": "Timing-based protection (±10% bitcell timing)",
        "source": "amiga-stuff/cracking/protections/speedlock_Dragons_Breath",
        "detection": {
          "method": "DSKBYTR polling with CIA timer",
          "long_bytes": 120,
          "short_bytes": 120,
          "offset_bytes": 9756,
          "timing_variation_pct": 10
        }
      },
      "rnc_hidden_sectors": {
        "name": "RNC Hidden Sectors",
        "schemes": ["rnc_hidden_f29", "rnc_hidden_time"],
        "sync_words": ["0x8912", "0x8911", "0x8914", "0x8915"],
        "description": "Hidden sectors with non-standard sync words"
      },
      "psygnosis": {
        "name": "Psygnosis",
        "schemes": ["psygnosis_a", "psygnosis_b", "psygnosis_c", "shadow_beast", "lemmings_demo"],
        "description": "Lemmings, Shadow of Beast, etc."
      },
      "factor5": {
        "name": "Factor 5",
        "schemes": ["factor5", "factor5_hiscore", "turrican", "turrican_2"],
        "description": "Turrican-Serie"
      },
      "rainbow_arts": {
        "name": "Rainbow Arts",
        "schemes": ["rainbow_arts_protection_a", "rainbow_arts_protection_b", "rainbow_arts_protection_c", "rainbow_arts_protection_d"],
        "description": "Multiple Varianten"
      },
      "blue_byte": {
        "name": "Blue Byte",
        "schemes": ["blue_byte"],
        "description": "Deutsche Publisher"
      },
      "core_design": {
        "name": "Core Design",
        "schemes": ["core_design"],
        "description": "Rick Dangerous, etc."
      },
      "sensible": {
        "name": "Sensible Software",
        "schemes": ["sensible"],
        "description": "Sensible Soccer, etc."
      }
    },
    "long_track_lengths": [102200, 103300, 104400, 105500, 106600, 108800, 111000],
    "copylock_syncs": ["0x8a91", "0x8a44", "0x8a45", "0x8a51", "0x8912", "0x8911", "0x8914", "0x8915", "0x8944", "0x8945", "0x8951"],
    "amigados_syncs": ["0x44894489", "0x45214521", "0x48914891", "0x4A844A84"]
  },

  "dpll_phase_table": {
    "_comment": "Phase Adjustment Lookup aus US Patent 4808884 / disktools",
    "c1_c2": [120, 130, 135, 140, 145, 150, 155, 160, 160, 165, 170, 175, 180, 185, 190, 200],
    "c3":    [130, 140, 145, 150, 155, 158, 160, 160, 160, 160, 162, 165, 170, 175, 180, 190]
  },

  "amiga_drive_ids": {
    "_source": "amiga-stuff/testkit/floppy.c lines 207-214",
    "_comment": "Drive IDs from resources/disk.i (disagree with HRM, HRM is wrong per Github #58)",
    "DRT_AMIGA": {
      "value": "0x00000000",
      "description": "Standard Amiga drive (DS-DD 80 tracks)",
      "note": "Also returned for DF0: when empty (no drive)"
    },
    "DRT_37422D2S": {
      "value": "0x55555555",
      "description": "40-track drive (DS-DD 40)"
    },
    "DRT_EMPTY": {
      "value": "0xFFFFFFFF",
      "description": "No drive present (DF1-DF3)"
    },
    "DRT_150RPM": {
      "value": "0xAAAAAAAA",
      "description": "HD drive (DS-HD 80) or Gotek",
      "note": "Gotek returns unstable ID (alternates 0x55555555/0xAAAAAAAA)"
    }
  },

  "hardware_timing": {
    "_source": "amiga-stuff/testkit/floppy.c",
    "step_delay_ms": {
      "dd": 3,
      "hd": 3,
      "description": "Delay between step pulses"
    },
    "head_settle_ms": {
      "value": 15,
      "description": "Head settle time after seek"
    },
    "motor_spinup_ms": {
      "dd": 1250,
      "hd": 2000,
      "description": "Motor spinup timeout"
    },
    "precompensation": {
      "threshold_cyl": 40,
      "value_ns": 140,
      "description": "140ns precomp for cylinders 40-79 (same as Kickstart 3.1 trackdisk.device)"
    }
  },

  "mfm_constants": {
    "_source": "amiga-stuff/testkit/mfm.S",
    "data_mask": "0x55555555",
    "clock_mask": "0xAAAAAAAA",
    "amigados_sync": "0x44894489",
    "decode_algorithm": "data = ((odd & 0x55555555) << 1) | (even & 0x55555555)",
    "encode_algorithm": "even = data & 0x55555555; odd = (data >> 1) & 0x55555555",
    "clock_generation": "clock[n] = data[n-1] NOR data[n]"
  },

  "crc16_ccitt": {
    "_source": "amiga-stuff/attic/crc16_ccitt.S",
    "polynomial": "0x1021",
    "init_value": "0xFFFF",
    "table_size_bytes": 512,
    "cycles_per_byte_68000": 58
  },

  "speedlock_protection": {
    "_source": "amiga-stuff/cracking/protections/speedlock_Dragons_Breath",
    "method": "DSKBYTR polling with CIA timer (~1.4µs/tick)",
    "offset_bytes": 9756,
    "offset_bits": 78048,
    "long_bytes": 120,
    "short_bytes": 120,
    "timing_variation_pct": 10,
    "ewma_tick_us": 0.2,
    "threshold_ticks": 8,
    "threshold_description": "8 EWMA ticks ≈ 1.6µs ≈ ±10% of 2µs bitcell"
  },

  "fdutils_cmos_table": {
    "_source": "fdutils-5.6/src/floppymeter.c",
    "_comment": "CMOS Drive-Type Tabelle für RPM-Messung und Datenraten-Berechnung",
    "entries": [
      { "cmos": 0, "type": "none",    "rotation_us": 0,      "rpm": 0,   "rates": {"dd": null, "hd": null, "ed": null} },
      { "cmos": 1, "type": "5.25_dd", "rotation_us": 200000, "rpm": 300, "rates": {"dd": "0x02", "hd": null, "ed": null} },
      { "cmos": 2, "type": "3.5_dd",  "rotation_us": 200000, "rpm": 300, "rates": {"dd": "0x02", "hd": null, "ed": null} },
      { "cmos": 3, "type": "5.25_hd", "rotation_us": 166666, "rpm": 360, "rates": {"dd": "0x01", "hd": "0x00", "ed": null} },
      { "cmos": 4, "type": "3.5_hd",  "rotation_us": 200000, "rpm": 300, "rates": {"dd": "0x02", "hd": "0x00", "ed": null} },
      { "cmos": 5, "type": "3.5_ed",  "rotation_us": 200000, "rpm": 300, "rates": {"dd": "0x02", "hd": "0x00", "ed": "0x43"} },
      { "cmos": 6, "type": "3.5_ed",  "rotation_us": 200000, "rpm": 300, "rates": {"dd": "0x02", "hd": "0x00", "ed": "0x43"} }
    ]
  },

  "fdutils_data_transfer_rates": {
    "_source": "fdutils-5.6/src/floppymeter.c",
    "_comment": "Datenraten in Bits/Sekunde nach Rate-Code",
    "rates": {
      "0x00": { "bps": 500000, "description": "HD (1.44M)" },
      "0x01": { "bps": 300000, "description": "DD auf HD-Laufwerk" },
      "0x02": { "bps": 250000, "description": "DD (720K)" },
      "0x03": { "bps": 1000000, "description": "ED (2.88M)" }
    }
  },

  "fdutils_fdc_commands": {
    "_source": "fdutils-5.6/src/fdrawcmd.c",
    "_comment": "Vollständige FDC-Befehlstabelle",
    "commands": {
      "read":           { "code": "0xE6", "flags": "READ|INTR" },
      "read_track":     { "code": "0x42", "flags": "READ|INTR" },
      "write":          { "code": "0xC5", "flags": "WRITE|INTR" },
      "format":         { "code": "0x4D", "flags": "WRITE|INTR" },
      "readid":         { "code": "0x4A", "flags": "INTR" },
      "recalibrate":    { "code": "0x07", "flags": "INTR" },
      "seek":           { "code": "0x0F", "flags": "INTR" },
      "sensei":         { "code": "0x08", "flags": "" },
      "sense":          { "code": "0x04", "flags": "" },
      "specify":        { "code": "0x03", "flags": "" },
      "configure":      { "code": "0x13", "flags": "" },
      "version":        { "code": "0x10", "flags": "" },
      "dumpregs":       { "code": "0x0E", "flags": "" },
      "perpendicular":  { "code": "0x12", "flags": "" }
    }
  },

  "fdutils_format_constants": {
    "_source": "fdutils-5.6/src/superformat.h, calc-format.c",
    "header_size": 62,
    "index_size": 146,
    "gap_divisor": 16384,
    "max_sizecode": 8,
    "max_sectors": 50,
    "max_tracks": 85,
    "max_heads": 2
  },

  "greaseweazle_stats": {
    "_source": "gw_stats.py",
    "_comment": "Greaseweazle Firmware Stats Indizes",
    "getinfo_indices": {
      "OP_STATS": 2,
      "ERR_STATS": 5,
      "INDEXWRITE_STATS": 11,
      "INDEX_FILTER": 12
    },
    "commands": {
      "GET_INFO": 0,
      "RESET": 16
    }
  }
}

  ,
  "dd_v2": {
    "adaptive_block_enabled": { "type": "bool", "default": true, "gui": "checkbox" },
    "adaptive_block_min": { "type": "int", "min": 512, "max": 65536, "default": 512, "gui": "spinbox" },
    "adaptive_block_max": { "type": "int", "min": 65536, "max": 4194304, "default": 4194304, "gui": "spinbox" },
    "error_threshold_pct": { "type": "float", "min": 0.1, "max": 10.0, "default": 1.0, "gui": "doublespinbox" },
    "checkpoint_enabled": { "type": "bool", "default": true, "gui": "checkbox" },
    "checkpoint_interval_mb": { "type": "int", "min": 1, "max": 256, "default": 64, "gui": "spinbox" },
    "bad_sector_export": { "type": "bool", "default": true, "gui": "checkbox" },
    "simd_memcpy": { "type": "bool", "default": true, "gui": "checkbox" }
  },
  "hxc_v2": {
    "mfm_pll_bandwidth_pct": { "type": "float", "min": 1.0, "max": 15.0, "default": 5.0, "gui": "doublespinbox" },
    "mfm_sync_threshold": { "type": "int", "min": 3, "max": 10, "default": 4, "gui": "spinbox" },
    "gcr_pll_bandwidth_pct": { "type": "float", "min": 1.0, "max": 15.0, "default": 5.0, "gui": "doublespinbox" },
    "detect_weak_bits": { "type": "bool", "default": true, "gui": "checkbox" },
    "weak_bit_revolutions": { "type": "int", "min": 2, "max": 16, "default": 3, "gui": "spinbox" },
    "weak_bit_threshold": { "type": "float", "min": 0.1, "max": 0.5, "default": 0.15, "gui": "doublespinbox" },
    "thread_count": { "type": "int", "min": 1, "max": 8, "default": 4, "gui": "spinbox" },
    "enable_cache": { "type": "bool", "default": true, "gui": "checkbox" }
  },
  "hfe_v3": {
    "expand_weak_bits": { "type": "bool", "default": true, "gui": "checkbox" },
    "preserve_splice": { "type": "bool", "default": true, "gui": "checkbox" },
    "random_seed": { "type": "int", "min": 0, "max": 999999, "default": 42, "gui": "spinbox" }
  },
  "streaming_hash": {
    "algorithm_md5": { "type": "bool", "default": true, "gui": "checkbox" },
    "algorithm_sha256": { "type": "bool", "default": true, "gui": "checkbox" },
    "algorithm_crc32": { "type": "bool", "default": true, "gui": "checkbox" },
    "algorithm_xxh64": { "type": "bool", "default": false, "gui": "checkbox" },
    "verify_after_copy": { "type": "bool", "default": true, "gui": "checkbox" }
  }
}
